{
  "q": 3,
  "summary": {
    "gamma_mean": {
      "mean": 1.1805743475755055,
      "std": 0.014392481109069084
    },
    "gamma_std": {
      "mean": 0.0392228028892229,
      "std": 0.006163408379092999
    },
    "gamma_min": {
      "mean": 1.0462268590927124,
      "std": 0.007219374867561351
    },
    "gamma_max": {
      "mean": 1.2975648641586304,
      "std": 0.026177564597868592
    },
    "corr_gamma_err": {
      "mean": -0.5094814834495386,
      "std": 0.09858651172045817
    },
    "corr_gamma_texture": {
      "mean": -0.4739149697124958,
      "std": 0.07450936827398816
    },
    "corr_gamma_grad": {
      "mean": -0.5184671580791473,
      "std": 0.10033389038573523
    },
    "hi_err": {
      "mean": 0.029666555346921086,
      "std": 0.01698839546635664
    },
    "lo_err": {
      "mean": 0.07376354948307078,
      "std": 0.023938004629819914
    },
    "hi_grad": {
      "mean": 0.027937310650789488,
      "std": 0.018389000468161394
    },
    "lo_grad": {
      "mean": 0.0748541724557678,
      "std": 0.02617799604585719
    }
  },
  "rows": [
    {
      "image": "kodim01",
      "gamma_mean": 1.164692759513855,
      "gamma_std": 0.0332358293235302,
      "gamma_min": 1.050036072731018,
      "gamma_max": 1.262556552886963,
      "corr_gamma_err": -0.28512316942214966,
      "corr_gamma_texture": -0.4383583068847656,
      "corr_gamma_grad": -0.33034762740135193,
      "hi_err": 0.06011234223842621,
      "lo_err": 0.07998519390821457,
      "hi_grad": 0.06632879376411438,
      "lo_grad": 0.0953860953450203
    },
    {
      "image": "kodim02",
      "gamma_mean": 1.164649486541748,
      "gamma_std": 0.034716296941041946,
      "gamma_min": 1.0449652671813965,
      "gamma_max": 1.256428837776184,
      "corr_gamma_err": -0.49760299921035767,
      "corr_gamma_texture": -0.49800896644592285,
      "corr_gamma_grad": -0.5327955484390259,
      "hi_err": 0.022443676367402077,
      "lo_err": 0.04459356889128685,
      "hi_grad": 0.02019587717950344,
      "lo_grad": 0.04743161424994469
    },
    {
      "image": "kodim03",
      "gamma_mean": 1.1849664449691772,
      "gamma_std": 0.03799816220998764,
      "gamma_min": 1.038933515548706,
      "gamma_max": 1.2853419780731201,
      "corr_gamma_err": -0.4476466178894043,
      "corr_gamma_texture": -0.5018484592437744,
      "corr_gamma_grad": -0.44788482785224915,
      "hi_err": 0.018541323021054268,
      "lo_err": 0.042601171880960464,
      "hi_grad": 0.016269369050860405,
      "lo_grad": 0.043070100247859955
    },
    {
      "image": "kodim04",
      "gamma_mean": 1.1717932224273682,
      "gamma_std": 0.04050077497959137,
      "gamma_min": 1.0408990383148193,
      "gamma_max": 1.2979788780212402,
      "corr_gamma_err": -0.5181621313095093,
      "corr_gamma_texture": -0.3743188977241516,
      "corr_gamma_grad": -0.49307313561439514,
      "hi_err": 0.018864981830120087,
      "lo_err": 0.05234599858522415,
      "hi_grad": 0.01775246299803257,
      "lo_grad": 0.048903655260801315
    },
    {
      "image": "kodim05",
      "gamma_mean": 1.1587785482406616,
      "gamma_std": 0.03626919537782669,
      "gamma_min": 1.037204623222351,
      "gamma_max": 1.2549452781677246,
      "corr_gamma_err": -0.37248334288597107,
      "corr_gamma_texture": -0.40555986762046814,
      "corr_gamma_grad": -0.3996833860874176,
      "hi_err": 0.06750983744859695,
      "lo_err": 0.11212244629859924,
      "hi_grad": 0.05662880465388298,
      "lo_grad": 0.10302375257015228
    },
    {
      "image": "kodim06",
      "gamma_mean": 1.1914769411087036,
      "gamma_std": 0.04585378244519234,
      "gamma_min": 1.0433601140975952,
      "gamma_max": 1.3325899839401245,
      "corr_gamma_err": -0.5878357887268066,
      "corr_gamma_texture": -0.5115770101547241,
      "corr_gamma_grad": -0.6129247546195984,
      "hi_err": 0.024991143494844437,
      "lo_err": 0.08663991838693619,
      "hi_grad": 0.020631348714232445,
      "lo_grad": 0.09483033418655396
    },
    {
      "image": "kodim07",
      "gamma_mean": 1.174871802330017,
      "gamma_std": 0.03367169573903084,
      "gamma_min": 1.0571495294570923,
      "gamma_max": 1.2784744501113892,
      "corr_gamma_err": -0.45214778184890747,
      "corr_gamma_texture": -0.4350022077560425,
      "corr_gamma_grad": -0.488881915807724,
      "hi_err": 0.01953015848994255,
      "lo_err": 0.057640042155981064,
      "hi_grad": 0.01665096916258335,
      "lo_grad": 0.05231726914644241
    },
    {
      "image": "kodim08",
      "gamma_mean": 1.1562857627868652,
      "gamma_std": 0.0396566241979599,
      "gamma_min": 1.0467357635498047,
      "gamma_max": 1.2702884674072266,
      "corr_gamma_err": -0.4032336175441742,
      "corr_gamma_texture": -0.39762264490127563,
      "corr_gamma_grad": -0.4329584836959839,
      "hi_err": 0.06206846982240677,
      "lo_err": 0.12187357246875763,
      "hi_grad": 0.06298506259918213,
      "lo_grad": 0.12856467068195343
    },
    {
      "image": "kodim09",
      "gamma_mean": 1.1881827116012573,
      "gamma_std": 0.044245101511478424,
      "gamma_min": 1.0389231443405151,
      "gamma_max": 1.2957028150558472,
      "corr_gamma_err": -0.6586759686470032,
      "corr_gamma_texture": -0.5841091871261597,
      "corr_gamma_grad": -0.6751372218132019,
      "hi_err": 0.012251217849552631,
      "lo_err": 0.06305966526269913,
      "hi_grad": 0.014161941595375538,
      "lo_grad": 0.06384599953889847
    },
    {
      "image": "kodim10",
      "gamma_mean": 1.1784757375717163,
      "gamma_std": 0.038606323301792145,
      "gamma_min": 1.0440925359725952,
      "gamma_max": 1.280644178390503,
      "corr_gamma_err": -0.46092090010643005,
      "corr_gamma_texture": -0.4275491535663605,
      "corr_gamma_grad": -0.5111897587776184,
      "hi_err": 0.01906333677470684,
      "lo_err": 0.05399516969919205,
      "hi_grad": 0.01922253891825676,
      "lo_grad": 0.05373891070485115
    },
    {
      "image": "kodim11",
      "gamma_mean": 1.1766053438186646,
      "gamma_std": 0.039881378412246704,
      "gamma_min": 1.049424409866333,
      "gamma_max": 1.302455186843872,
      "corr_gamma_err": -0.6028310656547546,
      "corr_gamma_texture": -0.5552615523338318,
      "corr_gamma_grad": -0.628334105014801,
      "hi_err": 0.02176646888256073,
      "lo_err": 0.07754448801279068,
      "hi_grad": 0.02064855396747589,
      "lo_grad": 0.08134399354457855
    },
    {
      "image": "kodim12",
      "gamma_mean": 1.1975393295288086,
      "gamma_std": 0.03915330767631531,
      "gamma_min": 1.0583205223083496,
      "gamma_max": 1.330240249633789,
      "corr_gamma_err": -0.5036355257034302,
      "corr_gamma_texture": -0.5069897770881653,
      "corr_gamma_grad": -0.4974854290485382,
      "hi_err": 0.022577818483114243,
      "lo_err": 0.04966575652360916,
      "hi_grad": 0.019984938204288483,
      "lo_grad": 0.048046696931123734
    },
    {
      "image": "kodim13",
      "gamma_mean": 1.1741247177124023,
      "gamma_std": 0.036053579300642014,
      "gamma_min": 1.04307222366333,
      "gamma_max": 1.322342872619629,
      "corr_gamma_err": -0.5354079604148865,
      "corr_gamma_texture": -0.5226263999938965,
      "corr_gamma_grad": -0.4972466826438904,
      "hi_err": 0.0643983706831932,
      "lo_err": 0.13165345788002014,
      "hi_grad": 0.0719798356294632,
      "lo_grad": 0.14340722560882568
    },
    {
      "image": "kodim14",
      "gamma_mean": 1.1753915548324585,
      "gamma_std": 0.038022883236408234,
      "gamma_min": 1.0499494075775146,
      "gamma_max": 1.2893567085266113,
      "corr_gamma_err": -0.6318567991256714,
      "corr_gamma_texture": -0.516718864440918,
      "corr_gamma_grad": -0.5820130109786987,
      "hi_err": 0.03840555250644684,
      "lo_err": 0.10093355178833008,
      "hi_grad": 0.03599179536104202,
      "lo_grad": 0.0821400061249733
    },
    {
      "image": "kodim15",
      "gamma_mean": 1.1985503435134888,